,type,model,window,size,count,acc,loss,val_acc,val_loss
0,MORPHEME,fastText,2,1000,10,0.96121,0.373512573,0.81281,0.654658211
1,MORPHEME,fastText,2,1000,20,0.857536667,0.455650041,0.85999,0.831212096
2,MORPHEME,fastText,2,1000,50,0.94549,0.381874231,0.81425,0.60872298
3,MORPHEME,fastText,2,1000,100,0.941303333,0.386836437,0.81741,0.616064464
4,MORPHEME,fastText,7,300,20,0.928033333,0.407341323,0.85477,0.58922741
5,MORPHEME,fastText,7,1000,50,0.875044371,0.790955085,0.853933524,0.590041586
6,MORPHEME,fastText,10,300,20,0.926173333,0.417405154,0.85223,0.562615391
7,MORPHEME,fastText,2,300,20,0.930363333,0.405507558,0.85018,0.583748397
8,MORPHEME,fastText,2,300,50,0.853247816,0.837667061,0.844784103,0.857644087
9,MORPHEME,fastText,5,1000,10,0.926214349,0.812854432,0.842433544,0.656196732
10,MORPHEME,fastText,7,1000,100,0.912987917,0.788834303,0.841862661,0.698660028
11,MORPHEME,fastText,10,500,20,0.817990295,0.835825716,0.841475939,0.784570494
12,MORPHEME,word2vec,10,500,20,0.93157,0.374700439,0.8414,0.563302959
13,MORPHEME,fastText,7,1000,10,0.926575966,0.783451785,0.841235676,0.699672172
14,MORPHEME,fastText,5,1000,50,0.87074402,0.778067558,0.840989757,0.572000383
15,MORPHEME,fastText,10,300,50,0.908156667,0.419469942,0.84065,0.597843034
16,MORPHEME,fastText,7,300,50,0.842115596,0.83190498,0.840464349,0.869447762
17,MORPHEME,word2vec,10,500,10,0.831208069,0.846290828,0.839851294,0.663142252
18,MORPHEME,fastText,7,300,10,0.835259222,0.818502274,0.839693052,0.862283888
19,MORPHEME,fastText,5,300,20,0.929826667,0.405222392,0.83935,0.599534506
20,MORPHEME,fastText,5,1000,100,0.919946346,0.803780194,0.839133306,0.657595933
21,MORPHEME,fastText,2,500,50,0.713663141,1.268909333,0.839049893,1.112030951
22,MORPHEME,word2vec,10,500,50,0.824999298,0.856095389,0.837884105,0.729713143
23,MORPHEME,glove,7,1000,10,0.600841138,1.046636558,0.837040054,0.774622063
24,MORPHEME,fastText,7,500,50,0.713199959,1.262996806,0.836286094,1.050449804
25,MORPHEME,word2vec,5,1000,10,0.82047092,0.830270966,0.835784465,0.660462754
26,MORPHEME,fastText,10,500,50,0.717312972,1.272888499,0.835194061,1.023350477
27,MORPHEME,glove,7,500,10,0.770526573,0.805445955,0.833323162,0.770551514
28,MORPHEME,fastText,7,500,20,0.817327182,0.830985712,0.832749118,0.80740733
29,MORPHEME,fastText,10,300,10,0.946196667,0.412133882,0.83243,0.579243258
30,MORPHEME,fastText,2,500,20,0.823594513,0.819393697,0.831187533,0.80449364
31,MORPHEME,word2vec,7,1000,10,0.962463333,0.357062948,0.83117,0.600407003
32,MORPHEME,word2vec,7,1000,20,0.97194,0.358875498,0.83089,0.774470887
33,MORPHEME,word2vec,7,500,10,0.947286667,0.369026429,0.8307,0.539970102
34,MORPHEME,fastText,5,300,50,0.828810614,0.839406692,0.830005279,0.878694124
35,MORPHEME,word2vec,10,500,100,0.824920984,0.860052088,0.829205899,0.710594018
36,MORPHEME,word2vec,2,500,10,0.808413698,0.820578033,0.828789637,0.649599602
37,MORPHEME,fastText,2,300,10,0.832881447,0.826831205,0.828589997,0.856947527
38,MORPHEME,fastText,10,500,10,0.693607265,1.2518532,0.8271705,1.003416437
39,MORPHEME,word2vec,7,300,20,0.821747768,0.816034918,0.826834934,0.96902552
40,MORPHEME,word2vec,5,100,10,0.809182407,0.826920689,0.826790064,0.656256221
41,MORPHEME,word2vec,5,1000,20,0.969513333,0.362336716,0.82633,0.621291469
42,MORPHEME,word2vec,7,100,10,0.975680599,0.34951267,0.825935022,0.763643038
43,MORPHEME,word2vec,10,1000,10,0.812964235,0.81361289,0.825394046,0.64530917
44,MORPHEME,word2vec,5,500,10,0.816118513,0.823034017,0.825145943,0.657462625
45,MORPHEME,fastText,10,1000,50,0.92823,0.387199695,0.825,0.537266329
46,MORPHEME,word2vec,7,300,10,0.965645545,0.345198298,0.824792178,0.767009462
47,MORPHEME,word2vec,5,500,20,0.959576667,0.370123015,0.82477,0.653049238
48,MORPHEME,fastText,5,300,10,0.867209598,0.832154553,0.824725324,0.858658398
49,MORPHEME,word2vec,10,100,10,0.824934208,0.818178329,0.823465272,0.818680162
50,MORPHEME,word2vec,7,100,20,0.831957853,0.821085846,0.822945126,0.984668387
51,MORPHEME,word2vec,5,300,10,0.817765176,0.826056637,0.822633331,0.649972369
52,MORPHEME,glove,10,1000,10,0.656234434,1.051976303,0.822339315,0.777444732
53,MORPHEME,word2vec,5,100,20,0.88739,0.424853814,0.82225,0.612852316
54,MORPHEME,fastText,5,500,20,0.925536667,0.386753836,0.82181,0.581278748
55,MORPHEME,fastText,10,1000,10,0.980706667,0.380263927,0.82148,0.911763357
56,MORPHEME,word2vec,5,1000,50,0.809427586,0.841024229,0.821272145,0.705103376
57,MORPHEME,word2vec,2,500,20,0.967076667,0.37250033,0.82032,0.802484791
58,MORPHEME,fastText,5,500,50,0.805113278,0.819988659,0.820139982,0.864452622
59,MORPHEME,fastText,10,1000,100,0.968446667,0.391560058,0.81984,0.835291783
60,MORPHEME,word2vec,10,300,10,0.81089506,0.811347576,0.819539846,0.803479931
61,MORPHEME,word2vec,7,1000,50,0.959533333,0.372306989,0.81945,0.653783541
62,MORPHEME,word2vec,7,500,20,0.928713333,0.379367619,0.81942,0.545322221
63,MORPHEME,word2vec,5,300,20,0.92095,0.384633718,0.81925,0.523857115
64,MORPHEME,word2vec,5,500,50,0.808850164,0.844588981,0.819237488,0.702754617
65,MORPHEME,word2vec,10,1000,20,0.986303333,0.366269335,0.81886,1.073014943
66,MORPHEME,fastText,7,1000,20,0.964353333,0.382754884,0.81871,0.65396302
67,MORPHEME,word2vec,7,100,50,0.953213846,0.344991756,0.818555998,0.762160114
68,MORPHEME,glove,10,500,10,0.709045817,0.767488614,0.818053517,0.779282316
69,MORPHEME,fastText,7,500,10,0.695087681,1.252762559,0.817877609,1.033933384
70,MORPHEME,word2vec,10,100,20,0.847335592,0.822659296,0.817813938,1.280626913
71,MORPHEME,word2vec,7,300,100,0.95220031,0.334888561,0.816951047,0.75987352
72,MORPHEME,word2vec,10,300,20,0.836206026,0.820930553,0.816161015,1.278626331
73,MORPHEME,word2vec,5,500,100,0.813711126,0.839542689,0.815362399,0.688198148
74,MORPHEME,word2vec,5,100,50,0.806015549,0.840480377,0.815149605,0.70960563
75,MORPHEME,word2vec,5,1000,100,0.814255196,0.84916347,0.814451972,0.683192566
76,MORPHEME,word2vec,7,1000,100,0.959643333,0.3775952,0.8143,0.63374486
77,MORPHEME,fastText,2,300,100,0.82181332,0.808329186,0.813652791,0.828516874
78,MORPHEME,word2vec,2,500,50,0.809497849,0.839341582,0.812669465,0.694756155
79,MORPHEME,word2vec,5,300,100,0.810339489,0.845843872,0.812251674,0.675265215
80,MORPHEME,word2vec,10,100,50,0.80371098,0.796849068,0.811908324,0.809020285
81,MORPHEME,fastText,7,300,100,0.821783724,0.808962991,0.811878534,0.840203177
82,MORPHEME,word2vec,7,500,100,0.9085,0.39473621,0.81136,0.584605342
83,MORPHEME,fastText,10,300,100,0.915,0.423055815,0.81084,0.67382462
84,MORPHEME,word2vec,7,1000,10,0.643265299,1.51063157,0.810723379,0.923051632
85,MORPHEME,fastText,2,500,10,0.756384994,1.273207994,0.810183537,1.092921198
86,MORPHEME,word2vec,5,1000,10,0.78909475,0.792955521,0.809899749,0.776098223
87,MORPHEME,word2vec,10,1000,50,0.803755643,0.840529039,0.809810544,0.694376742
88,MORPHEME,word2vec,7,500,50,0.976933333,0.380271206,0.80909,0.864468874
89,MORPHEME,word2vec,7,100,100,0.949298203,0.329909534,0.808457628,0.741099443
90,MORPHEME,glove,5,1000,10,0.693205822,0.746264988,0.808365999,0.767529694
91,MORPHEME,glove,5,500,10,0.841673333,0.497057029,0.80827,0.805079078
92,MORPHEME,fastText,5,1000,20,0.962496667,0.410091884,0.80801,0.61315702
93,MORPHEME,word2vec,2,500,100,0.803937995,0.842370604,0.807486994,0.675546706
94,MORPHEME,fastText,10,500,100,0.671186512,1.233601376,0.807087489,0.995352757
95,MORPHEME,word2vec,5,300,50,0.81670336,0.837489117,0.806204904,0.708417281
96,MORPHEME,word2vec,5,100,100,0.813294639,0.837643395,0.805304244,0.682485731
97,MORPHEME,glove,7,300,10,0.557788897,1.016646144,0.804527479,0.738828801
98,MORPHEME,fastText,5,300,100,0.835142751,0.840576658,0.803118371,0.947436656
99,MORPHEME,word2vec,7,500,10,0.797182803,0.797414984,0.803056351,0.832406802
100,MORPHEME,word2vec,10,1000,100,0.804331358,0.847101398,0.802768291,0.686134839
101,MORPHEME,word2vec,10,300,100,0.810785777,0.79232269,0.801952459,0.806218712
102,MORPHEME,word2vec,7,300,50,0.952758373,0.33923006,0.800862934,0.75609246
103,MORPHEME,word2vec,10,300,50,0.804766121,0.792962075,0.800490477,0.797904831
104,MORPHEME,fastText,5,500,10,0.845679108,0.823285329,0.800116041,0.838528453
105,MORPHEME,fastText,7,500,100,0.676787908,1.225836688,0.799729844,1.005272338
106,MORPHEME,glove,10,300,10,0.626413627,1.011696757,0.799239675,0.75623806
107,MORPHEME,word2vec,10,100,100,0.80010938,0.788122112,0.799185468,0.798996942
108,MORPHEME,word2vec,5,500,10,0.947283333,0.130440116,0.7981,0.590113337
109,MORPHEME,word2vec,2,1000,10,0.590936951,1.475148268,0.797009784,0.823013529
110,MORPHEME,fastText,10,100,20,0.774570199,0.794882951,0.79659896,0.741647745
111,MORPHEME,fastText,2,500,100,0.717297119,1.274070988,0.796468946,1.193348381
112,MORPHEME,fastText,10,1000,20,0.867026667,0.423579866,0.79616,0.774018071
113,MORPHEME,word2vec,10,1000,10,0.639640987,1.535028535,0.794382787,0.951062698
114,MORPHEME,word2vec,5,1000,20,0.966256667,0.087714997,0.79203,0.726263612
115,MORPHEME,fastText,7,100,20,0.776556955,0.775518676,0.790418456,0.763753069
116,MORPHEME,fastText,10,100,50,0.671263695,1.10311577,0.789610341,0.888662344
117,MORPHEME,word2vec,7,1000,20,0.796589696,0.785566641,0.789329706,0.832078514
118,MORPHEME,word2vec,5,500,20,0.94936,0.128118078,0.78836,0.601093889
119,MORPHEME,fastText,2,100,20,0.774650805,0.778605445,0.788189492,0.760404996
120,MORPHEME,word2vec,2,500,10,0.773171772,0.768119533,0.785855959,0.758982287
121,MORPHEME,word2vec,7,500,20,0.949053333,0.126174355,0.78562,0.635274198
122,MORPHEME,glove,2,500,10,0.680154403,0.729820553,0.785218182,0.753531016
123,MORPHEME,word2vec,5,1000,50,0.781191864,0.827195008,0.782744862,0.803863222
124,MORPHEME,fastText,5,500,100,0.81048044,0.823352592,0.782656346,0.941194179
125,MORPHEME,glove,2,1000,10,0.495699388,0.966117116,0.782052332,0.743959656
126,MORPHEME,fastText,10,100,10,0.671437495,1.08634271,0.781452007,0.884425889
127,MORPHEME,fastText,7,50,20,0.767025136,0.761730432,0.781229608,0.758212956
128,MORPHEME,word2vec,10,500,10,0.769444524,0.780715487,0.781142812,0.766617311
129,MORPHEME,word2vec,7,1000,50,0.61826643,1.476418028,0.780806669,0.885751081
130,MORPHEME,glove,7,100,10,0.548772773,0.999638848,0.78039837,0.717282933
131,MORPHEME,glove,7,1000,50,0.543599199,0.99315079,0.780189029,0.711501366
132,MORPHEME,fastText,7,50,50,0.691390176,1.010569035,0.778535604,0.861874627
133,MORPHEME,glove,10,100,10,0.609565142,1.001852674,0.778241243,0.735661221
134,MORPHEME,glove,7,500,50,0.720718299,0.750318763,0.777883801,0.718308631
135,MORPHEME,word2vec,10,1000,20,0.789065433,0.802974807,0.777636672,0.871503846
136,MORPHEME,glove,10,1000,50,0.61087131,1.000617031,0.777235761,0.729639513
137,MORPHEME,word2vec,7,50,20,0.764397158,0.754795071,0.775737284,0.921072863
138,MORPHEME,fastText,7,100,50,0.67344799,1.074943563,0.775236986,0.91597215
139,MORPHEME,glove,5,300,10,0.664020204,0.719666032,0.775127039,0.735319867
140,MORPHEME,word2vec,10,1000,50,0.615217294,1.504847382,0.775057392,0.937073823
141,MORPHEME,fastText,2,100,50,0.687821904,1.101865614,0.77470419,0.988027215
142,MORPHEME,fastText,2,50,20,0.76329448,0.761226616,0.774493408,0.740429585
143,MORPHEME,fastText,5,100,20,0.864966667,0.463460937,0.77379,0.613195831
144,MORPHEME,fastText,7,100,10,0.675467422,1.074210877,0.773655213,0.90391025
145,MORPHEME,glove,7,1000,20,0.709207021,0.743174992,0.773617226,0.712852674
146,MORPHEME,word2vec,7,100,10,0.646808275,1.256040553,0.773328671,1.032581081
147,MORPHEME,word2vec,7,500,50,0.780165736,0.777719388,0.773230828,0.803809002
148,MORPHEME,fastText,10,50,20,0.752939236,0.779089378,0.773186656,0.728116434
149,MORPHEME,word2vec,7,300,10,0.594005216,1.348040553,0.771926316,0.908572158
150,MORPHEME,fastText,2,50,50,0.687212797,1.035263297,0.771766017,0.929092996
151,MORPHEME,word2vec,5,500,50,0.935856667,0.158161827,0.77143,0.604301571
152,MORPHEME,word2vec,2,1000,20,0.774267571,0.830266158,0.771422294,0.787105646
153,MORPHEME,word2vec,5,100,10,0.754717586,0.754235519,0.771263503,0.747226123
154,MORPHEME,word2vec,5,500,100,0.948263333,0.127609324,0.77112,0.675333222
155,MORPHEME,glove,10,500,50,0.777453056,0.760204391,0.770759834,0.725921392
156,MORPHEME,fastText,2,100,10,0.712071389,1.099968528,0.770495734,0.97439359
157,MORPHEME,word2vec,2,500,20,0.93469,0.159781461,0.77017,0.599981312
158,MORPHEME,word2vec,5,1000,100,0.7996894,0.788567874,0.770043014,0.873233676
159,MORPHEME,fastText,10,50,50,0.674869417,1.024405446,0.769565672,0.839023434
160,MORPHEME,glove,2,300,10,0.492017549,0.954084702,0.769438541,0.732746448
161,MORPHEME,word2vec,2,100,10,0.646830868,1.020104579,0.769201722,0.289925593
162,MORPHEME,word2vec,5,50,10,0.759243202,0.769898424,0.769065877,0.584249234
163,MORPHEME,glove,7,500,20,0.865413333,0.488796504,0.76894,0.750776591
164,MORPHEME,word2vec,10,500,20,0.946073333,0.133918864,0.76868,0.680225639
165,MORPHEME,fastText,7,50,10,0.677370543,1.002019056,0.76801975,0.849516909
166,MORPHEME,word2vec,7,500,100,0.775969686,0.768156846,0.767825944,0.806193506
167,MORPHEME,word2vec,10,50,10,0.770479876,0.757895091,0.767190143,0.762107252
168,MORPHEME,word2vec,2,1000,10,0.745340312,0.764049605,0.766473713,0.589159772
169,MORPHEME,glove,10,1000,20,0.772651795,0.741274946,0.766321413,0.726116642
170,MORPHEME,word2vec,2,1000,50,0.595156492,1.514566186,0.766214526,0.850488342
171,MORPHEME,glove,7,1000,100,0.524939535,0.980266381,0.765395383,0.698647054
172,MORPHEME,word2vec,7,50,10,0.91567152,0.295259093,0.764867267,0.707389432
173,MORPHEME,word2vec,10,100,10,0.641981242,1.255494083,0.763724624,1.087746499
174,MORPHEME,glove,10,500,20,0.928966667,0.484133022,0.76345,0.772134071
175,MORPHEME,word2vec,7,1000,100,0.59647743,1.472881128,0.763294125,0.883023626
176,MORPHEME,fastText,5,100,50,0.755158044,0.778473347,0.762916373,0.807236448
177,MORPHEME,word2vec,7,300,20,0.7583828,0.751617665,0.762596501,0.790438776
178,MORPHEME,word2vec,5,50,20,0.858606667,0.459866352,0.76232,0.676000401
179,MORPHEME,fastText,10,50,10,0.670422454,1.021042674,0.762293949,0.827922512
180,MORPHEME,word2vec,5,300,10,0.748486758,0.760007713,0.761457593,0.741192345
181,MORPHEME,word2vec,7,100,20,0.757869988,0.761818521,0.761110909,0.785932696
182,MORPHEME,word2vec,10,500,100,0.76502132,0.773877097,0.760766185,0.849908313
183,MORPHEME,fastText,5,50,20,0.83747,0.513967989,0.76072,0.651385561
184,MORPHEME,word2vec,2,100,50,0.649208836,1.030517204,0.759511457,0.343314098
185,MORPHEME,glove,5,500,50,0.919853333,0.49582476,0.75932,0.749013284
186,MORPHEME,word2vec,7,50,50,0.89475715,0.289984914,0.758801872,0.692594426
187,MORPHEME,word2vec,2,1000,20,0.859656667,0.508834383,0.7581,1.054073843
188,MORPHEME,word2vec,2,500,50,0.755957917,0.806865955,0.757579446,0.781642523
189,MORPHEME,glove,5,100,10,0.644972433,0.703980957,0.757461639,0.716065347
190,MORPHEME,fastText,2,50,10,0.723913394,1.025409539,0.757408374,0.909142106
191,MORPHEME,word2vec,10,50,20,0.77636195,0.772800147,0.757172203,1.222095702
192,MORPHEME,glove,10,1000,100,0.589689172,0.984478257,0.756493923,0.708081542
193,MORPHEME,word2vec,2,100,20,0.707631974,0.966685852,0.756492761,1.258291793
194,MORPHEME,word2vec,2,1000,100,0.60575547,1.480073129,0.756199102,0.92060819
195,MORPHEME,fastText,5,50,50,0.748743098,0.769713014,0.755621421,0.805050996
196,MORPHEME,word2vec,5,300,20,0.928046667,0.173017242,0.75549,0.638763486
197,MORPHEME,glove,5,1000,50,0.764232498,0.740710665,0.755332616,0.70224132
198,MORPHEME,fastText,5,100,10,0.791194527,0.777250636,0.755023436,0.798253483
199,MORPHEME,word2vec,5,100,20,0.878893333,0.275721887,0.75499,0.52789873
200,MORPHEME,word2vec,5,50,50,0.750981825,0.781728065,0.754314182,0.642726237
201,MORPHEME,fastText,10,100,100,0.636553545,1.061289961,0.753764857,0.862629044
202,MORPHEME,word2vec,5,50,10,0.745373297,0.740225247,0.753148409,0.729637783
203,MORPHEME,word2vec,2,300,10,0.639774359,1.013992202,0.752728394,0.285426535
204,MORPHEME,glove,7,500,100,0.70820571,0.727833573,0.752655303,0.696625079
205,MORPHEME,word2vec,2,300,10,0.557494115,1.321115562,0.7525326,0.849649396
206,MORPHEME,glove,2,100,10,0.46680723,0.924049996,0.752398255,0.702379242
207,MORPHEME,glove,10,500,100,0.753134157,0.770610714,0.751986977,0.70347995
208,MORPHEME,word2vec,2,1000,50,0.742455153,0.774585092,0.751537521,0.639368119
209,MORPHEME,word2vec,10,1000,100,0.600527228,1.486970386,0.751430604,0.916539054
210,MORPHEME,word2vec,10,300,10,0.599728015,1.344887768,0.751360497,0.96668687
211,MORPHEME,glove,5,500,20,0.901933333,0.4991103,0.75087,0.791580405
212,MORPHEME,word2vec,10,500,50,0.76172997,0.804227393,0.750521692,0.774475136
213,MORPHEME,word2vec,10,50,10,0.641003396,1.184068605,0.750384128,1.035153615
214,MORPHEME,glove,7,300,50,0.509436438,0.973151574,0.750295339,0.690276672
215,MORPHEME,word2vec,7,100,100,0.621997378,1.218700844,0.749738203,0.9917705
216,MORPHEME,glove,5,1000,20,0.921626667,0.503360525,0.74898,0.753689602
217,MORPHEME,word2vec,2,300,20,0.710959671,0.97363787,0.748845149,1.257272635
218,MORPHEME,word2vec,7,300,100,0.572676151,1.314548622,0.748708614,0.900937917
219,MORPHEME,word2vec,2,500,100,0.765950134,0.773193222,0.748238563,0.844514932
220,MORPHEME,glove,10,300,50,0.583888371,0.962826599,0.748165451,0.706397223
221,MORPHEME,word2vec,2,100,10,0.611233914,1.218892569,0.74812547,0.963434334
222,MORPHEME,word2vec,2,300,50,0.631735158,1.01093773,0.748079626,0.332580945
223,MORPHEME,word2vec,7,50,10,0.645226761,1.15726754,0.747630151,0.980403776
224,MORPHEME,word2vec,7,50,100,0.886245453,0.268055887,0.747535269,0.688158401
225,MORPHEME,fastText,5,50,10,0.777633127,0.75833915,0.747343282,0.776827443
226,MORPHEME,fastText,7,100,100,0.640377706,1.044198343,0.746272904,0.888258289
227,MORPHEME,word2vec,10,50,50,0.74547957,0.745871569,0.745586491,0.737655913
228,MORPHEME,word2vec,5,50,100,0.748286882,0.785473344,0.744120828,0.626668148
229,MORPHEME,word2vec,10,300,20,0.762167388,0.761012844,0.743257556,0.839045703
230,MORPHEME,fastText,7,50,100,0.659491398,0.970843342,0.743019487,0.834598733
231,MORPHEME,word2vec,2,50,10,0.615220882,1.13686126,0.7428361,0.91141824
232,MORPHEME,word2vec,10,100,20,0.75452478,0.7609126,0.742581003,0.843428877
233,MORPHEME,word2vec,5,50,20,0.851026667,0.329610221,0.74245,0.550796442
234,MORPHEME,word2vec,7,300,50,0.565268613,1.313541437,0.742240441,0.897326882
235,MORPHEME,word2vec,7,50,20,0.743022624,0.736429305,0.740115469,0.772554685
236,MORPHEME,glove,5,1000,100,0.739666545,0.742177024,0.739394208,0.686697139
237,MORPHEME,word2vec,5,300,100,0.76238036,0.759750906,0.739379156,0.828626305
238,MORPHEME,word2vec,5,300,50,0.744351695,0.781943221,0.73888192,0.757580424
239,MORPHEME,glove,5,500,100,0.88574,0.497006489,0.73864,0.727277001
240,MORPHEME,glove,2,500,50,0.756720155,0.738912086,0.73841045,0.692847313
241,MORPHEME,fastText,2,50,100,0.690198313,1.028231396,0.738389948,1.011172387
242,MORPHEME,fastText,2,100,100,0.694135927,1.110523155,0.738222433,1.063663072
243,MORPHEME,word2vec,2,300,100,0.635903496,1.031120124,0.738114651,0.319480301
244,MORPHEME,word2vec,2,300,20,0.738059122,0.793561188,0.737663008,0.762163038
245,MORPHEME,word2vec,7,100,50,0.619012471,1.221119188,0.73761027,0.995398974
246,MORPHEME,word2vec,2,1000,100,0.741080533,0.785088587,0.737599413,0.624208043
247,MORPHEME,word2vec,7,50,50,0.633492201,1.150372584,0.73755327,0.959780254
248,MORPHEME,glove,7,300,20,0.690391061,0.720268581,0.737011484,0.679711331
249,MORPHEME,word2vec,5,100,100,0.762298306,0.75741342,0.735965457,0.837834698
250,MORPHEME,word2vec,5,100,50,0.747914013,0.786692161,0.735377827,0.759793335
251,MORPHEME,word2vec,5,50,50,0.737115971,0.772964686,0.734946259,0.746165258
252,MORPHEME,word2vec,2,100,20,0.74633319,0.793362032,0.734928275,0.749638742
253,MORPHEME,fastText,10,50,100,0.638819447,0.990618816,0.734345434,0.807603149
254,MORPHEME,glove,7,300,100,0.498511046,0.942748863,0.733898567,0.667350456
255,MORPHEME,glove,2,500,20,0.9154,0.529264831,0.7326,0.802728539
256,MORPHEME,word2vec,2,100,100,0.637845239,1.0365036,0.732020498,0.330888536
257,MORPHEME,glove,2,1000,50,0.569889619,0.96704984,0.731863779,0.678760718
258,MORPHEME,word2vec,10,50,20,0.734181013,0.754332466,0.731577654,0.826779919
259,MORPHEME,glove,10,100,50,0.562615997,0.943208421,0.731565279,0.691665379
260,MORPHEME,glove,10,300,20,0.747340752,0.710623887,0.731434112,0.701982136
261,MORPHEME,word2vec,10,100,100,0.614147008,1.228681322,0.731028651,1.055809507
262,MORPHEME,word2vec,10,50,100,0.740328405,0.7278977,0.730097231,0.72491078
263,MORPHEME,glove,7,100,50,0.497512789,0.954024182,0.729365433,0.667581683
264,MORPHEME,glove,10,300,100,0.554782898,0.948231237,0.728672957,0.677466625
265,MORPHEME,fastText,5,100,100,0.764884888,0.779105081,0.72851137,0.88240396
266,MORPHEME,glove,2,1000,20,0.766055981,0.782053379,0.72716756,0.762927094
267,MORPHEME,word2vec,2,50,50,0.607356107,1.168718911,0.726916534,0.928884386
268,MORPHEME,word2vec,2,300,100,0.574313209,1.32928478,0.726737066,0.935994005
269,MORPHEME,word2vec,10,100,50,0.606593592,1.218794806,0.726623279,1.057240302
270,MORPHEME,word2vec,5,50,100,0.742296651,0.743559605,0.725742136,0.818702309
271,MORPHEME,word2vec,10,300,50,0.57114291,1.327032097,0.725679159,0.943417987
272,MORPHEME,glove,5,300,50,0.737554278,0.722673331,0.725125116,0.675129187
273,MORPHEME,word2vec,10,300,100,0.573794621,1.329033186,0.724944501,0.942429636
274,MORPHEME,glove,7,100,100,0.480743424,0.932013332,0.724759556,0.661638091
275,MORPHEME,word2vec,2,50,20,0.730050345,0.781314682,0.724554314,0.749379834
276,MORPHEME,word2vec,10,50,50,0.626763686,1.166188952,0.72422679,1.019907169
277,MORPHEME,word2vec,7,50,100,0.625555034,1.130157159,0.724179503,0.954938904
278,MORPHEME,glove,2,1000,100,0.551582992,0.961057312,0.72400452,0.666696974
279,MORPHEME,glove,2,300,50,0.562879413,0.947669966,0.723711039,0.657602055
280,MORPHEME,glove,2,500,100,0.721945416,0.73065511,0.722786153,0.675112037
281,MORPHEME,fastText,5,50,100,0.745137704,0.762453418,0.721648183,0.88092989
282,MORPHEME,glove,5,300,20,0.830343333,0.507473006,0.7214,0.705268368
283,MORPHEME,glove,10,100,20,0.735982437,0.689749028,0.719869263,0.681013444
284,MORPHEME,word2vec,10,50,100,0.605413061,1.159423528,0.717991416,1.010167548
285,MORPHEME,word2vec,2,300,50,0.555409241,1.344291365,0.717603524,0.852263819
286,MORPHEME,word2vec,2,100,100,0.619071964,1.225935606,0.717334815,1.044467714
287,MORPHEME,word2vec,2,100,50,0.60172698,1.253360082,0.717091289,0.9645274
288,MORPHEME,glove,10,100,100,0.55318313,0.929171915,0.71431245,0.673998144
289,MORPHEME,glove,7,100,20,0.659533079,0.696126218,0.712691078,0.654787525
290,MORPHEME,glove,2,300,20,0.737588583,0.753078333,0.711782871,0.737060687
291,MORPHEME,glove,5,100,50,0.71301267,0.696405927,0.709649834,0.65740791
292,MORPHEME,glove,2,300,100,0.539779243,0.947864385,0.707993463,0.642327978
293,MORPHEME,glove,5,300,100,0.704136752,0.7206262,0.706354345,0.660494919
294,MORPHEME,word2vec,2,50,100,0.624592313,1.136624749,0.703149704,1.002252062
295,MORPHEME,word2vec,2,50,10,0.589401388,0.956407561,0.702624513,0.236452711
296,SYLLABLE,fastText,10,1000,20,0.882493333,0.448072507,0.70239,0.736013783
297,MORPHEME,glove,5,100,20,0.819356667,0.540575999,0.69949,0.892255706
298,SYLLABLE,fastText,10,1000,10,0.683407559,0.694835978,0.699067559,0.741037746
299,SYLLABLE,fastText,5,1000,20,0.882173333,0.453196407,0.69858,0.810069111
300,MORPHEME,word2vec,2,50,20,0.652347589,0.913736048,0.695432747,1.191531529
301,MORPHEME,glove,5,100,100,0.685575513,0.699337499,0.695189043,0.637659713
302,MORPHEME,word2vec,2,50,50,0.584877412,0.962264124,0.694978328,0.277214137
303,SYLLABLE,fastText,7,1000,20,0.883846667,0.452152108,0.69414,0.692480268
304,SYLLABLE,fastText,5,1000,10,0.685223491,0.693115643,0.689360986,0.80913434
305,SYLLABLE,fastText,7,1000,10,0.855233333,0.44294907,0.68913,0.681494934
306,MORPHEME,glove,2,100,50,0.537714301,0.920404537,0.688289556,0.640591614
307,MORPHEME,glove,2,100,20,0.722188213,0.734272183,0.685408943,0.711117608
308,MORPHEME,glove,7,50,10,0.437227096,0.896171245,0.6796262,0.611895774
309,MORPHEME,glove,2,100,100,0.506230039,0.924124715,0.679013362,0.617009671
310,MORPHEME,word2vec,2,50,100,0.583234237,0.96950616,0.67892535,0.272340738
311,SYLLABLE,fastText,10,300,10,0.664406274,0.675081936,0.678745953,0.599597631
312,SYLLABLE,fastText,10,300,20,0.668590386,0.66370983,0.677209968,0.586212086
313,SYLLABLE,fastText,10,500,10,0.663776124,0.669583789,0.675644231,0.600915715
314,SYLLABLE,fastText,7,500,10,0.841059897,0.426885124,0.674175384,0.543141265
315,SYLLABLE,fastText,10,500,20,0.664038052,0.667888359,0.671730304,0.598706774
316,SYLLABLE,fastText,2,1000,20,0.869453333,0.459628531,0.67163,0.73764281
317,SYLLABLE,fastText,10,100,10,0.655316389,0.660695544,0.670587669,0.599660725
318,SYLLABLE,fastText,10,100,20,0.65845907,0.656879695,0.670478469,0.592041431
319,SYLLABLE,fastText,5,500,10,0.63773901,0.657574126,0.670478224,0.66185417
320,MORPHEME,glove,10,50,10,0.499904539,0.892358683,0.668907439,0.63555121
321,SYLLABLE,fastText,2,1000,10,0.676321941,0.703946248,0.667241182,0.734560026
322,SYLLABLE,fastText,5,300,10,0.630554843,0.652369953,0.666950883,0.652747834
323,SYLLABLE,fastText,5,500,20,0.850386667,0.459015541,0.66693,0.752022105
324,SYLLABLE,fastText,7,300,20,0.670137357,0.672502588,0.664814522,0.543538636
325,SYLLABLE,fastText,5,300,20,0.829516667,0.468417409,0.66414,0.736510945
326,SYLLABLE,fastText,7,300,10,0.833837053,0.421037624,0.663700257,0.541520975
327,SYLLABLE,fastText,7,100,10,0.827610935,0.418436117,0.66315501,0.53363607
328,SYLLABLE,fastText,5,100,20,0.813756667,0.495488218,0.66062,0.730572811
329,SYLLABLE,fastText,5,100,10,0.62858793,0.660393707,0.660040401,0.658766885
330,SYLLABLE,fastText,7,500,20,0.675877425,0.672279926,0.659693745,0.550822967
331,SYLLABLE,fastText,7,100,20,0.666770158,0.657299881,0.655105786,0.550020972
332,MORPHEME,glove,5,50,10,0.539067316,0.591626207,0.653146729,0.609339446
333,WORD,word2vec,7,300,10,0.37701477,0.900679696,0.650706805,0.385646537
334,SYLLABLE,fastText,2,500,10,0.449724905,0.891785637,0.646285279,0.640064557
335,SYLLABLE,fastText,2,500,20,0.650833779,0.673995388,0.643033709,0.602443814
336,MORPHEME,glove,2,50,10,0.356203548,0.818909667,0.641269516,0.595048285
337,SYLLABLE,fastText,2,300,10,0.449126928,0.879952375,0.639929631,0.64140008
338,SYLLABLE,fastText,2,100,20,0.657161056,0.664941899,0.637742706,0.586307122
339,WORD,word2vec,10,300,10,0.38076203,0.883066897,0.636347504,0.439269015
340,SYLLABLE,fastText,2,300,20,0.64961942,0.680496791,0.636260881,0.593693699
341,WORD,word2vec,7,300,50,0.351410001,0.879842027,0.635896979,0.37500711
342,WORD,word2vec,7,300,20,0.617167432,0.614237905,0.632890452,0.54053925
343,WORD,word2vec,7,1000,10,0.358466128,0.886351562,0.632841142,0.365795665
344,WORD,word2vec,7,100,10,0.356185087,0.881689059,0.631528634,0.372767973
345,SYLLABLE,fastText,2,100,10,0.449470401,0.881824381,0.630621215,0.630405615
346,WORD,word2vec,2,300,20,0.601526291,0.629398809,0.628676593,0.573649289
347,SYLLABLE,fastText,10,1000,50,0.698118659,0.72854264,0.62666531,0.841785968
348,WORD,word2vec,7,1000,20,0.60214595,0.607562124,0.625909072,0.526686074
349,WORD,word2vec,2,300,10,0.355235125,0.963772903,0.625757574,0.391620872
350,MORPHEME,glove,10,50,50,0.452341505,0.846267056,0.624089784,0.574463865
351,MORPHEME,glove,7,50,50,0.395383632,0.83833433,0.622140844,0.565483383
352,WORD,word2vec,7,100,20,0.604299625,0.604844828,0.622040163,0.530869634
353,WORD,word2vec,10,1000,10,0.361845509,0.859525724,0.621268857,0.420624599
354,SYLLABLE,fastText,5,1000,50,0.704581792,0.719786454,0.619843937,0.836364621
355,WORD,word2vec,7,50,10,0.343294633,0.866194285,0.618847268,0.359922664
356,WORD,word2vec,10,300,20,0.617554272,0.609906324,0.618150346,0.578659091
357,WORD,word2vec,7,50,20,0.589058581,0.594689472,0.617422746,0.515996623
358,WORD,word2vec,7,500,20,0.84447,0.328674915,0.61695,0.696746313
359,WORD,word2vec,2,300,50,0.369525193,0.907516198,0.616664845,0.500743848
360,WORD,word2vec,2,1000,10,0.329673082,0.93168353,0.616166431,0.364913802
361,WORD,word2vec,5,300,10,0.589260103,0.664593564,0.615869219,0.525331011
362,WORD,word2vec,10,100,20,0.599099914,0.601580281,0.615706342,0.573251327
363,WORD,word2vec,7,1000,50,0.342731143,0.869544679,0.615689912,0.351908365
364,SYLLABLE,fastText,7,1000,50,0.881176667,0.470034482,0.61438,0.83267287
365,WORD,word2vec,7,100,50,0.341299409,0.861378007,0.614347912,0.36254895
366,WORD,word2vec,7,500,10,0.592763616,0.600084322,0.611855806,0.51651798
367,WORD,word2vec,10,1000,20,0.602587291,0.589505354,0.611321636,0.571505264
368,WORD,word2vec,5,300,20,0.830566667,0.357558374,0.61107,0.689117542
369,MORPHEME,glove,10,50,20,0.618302771,0.576222987,0.610154213,0.570474873
370,MORPHEME,glove,7,50,20,0.553096446,0.580373034,0.609611269,0.559071788
371,WORD,word2vec,10,100,10,0.344074122,0.865927989,0.609609539,0.409595402
372,WORD,word2vec,10,300,50,0.362418504,0.868657525,0.609460398,0.41571179
373,WORD,word2vec,2,100,10,0.326994125,0.930794858,0.609015075,0.365473289
374,WORD,word2vec,2,1000,20,0.582346961,0.616654048,0.606053535,0.559275775
375,WORD,word2vec,7,50,50,0.324092031,0.852246164,0.604577952,0.353380692
376,WORD,word2vec,2,100,20,0.58627362,0.616501742,0.604306858,0.551764295
377,WORD,word2vec,10,500,20,0.84828,0.321644533,0.6041,0.74091664
378,SYLLABLE,fastText,10,500,50,0.600307381,0.595436759,0.602636152,0.531854089
379,MORPHEME,glove,5,50,50,0.604931684,0.582370058,0.601795357,0.54329558
380,WORD,word2vec,2,500,20,0.83406,0.347575198,0.60036,0.727965445
381,SYLLABLE,fastText,10,100,50,0.578617727,0.592450067,0.600057355,0.518915435
382,MORPHEME,glove,7,50,100,0.358654145,0.821175613,0.599492678,0.540773219
383,WORD,word2vec,5,100,20,0.80208,0.40949733,0.59921,0.68419287
384,WORD,word2vec,2,500,10,0.581614971,0.605629752,0.59844751,0.544121853
385,WORD,word2vec,2,50,20,0.585995166,0.622061599,0.59837748,0.556420802
386,WORD,word2vec,5,300,50,0.614195359,0.61209332,0.598309558,0.643893961
387,SYLLABLE,fastText,7,300,50,0.766284831,0.34734035,0.598009339,0.470559377
388,WORD,word2vec,2,50,10,0.328754819,0.931576852,0.597848428,0.363658104
389,WORD,word2vec,10,50,20,0.6010383,0.58679436,0.597728242,0.562420485
390,WORD,word2vec,5,1000,10,0.571543991,0.654441826,0.597017372,0.517777765
391,WORD,word2vec,10,50,10,0.343412249,0.844987328,0.596211942,0.400751283
392,WORD,word2vec,5,1000,20,0.84757,0.324513607,0.59608,0.753940274
393,WORD,word2vec,10,500,10,0.597766207,0.589742653,0.596013473,0.563782771
394,SYLLABLE,fastText,10,300,50,0.583292833,0.590732152,0.595828143,0.520783477
395,WORD,word2vec,2,1000,50,0.347464442,0.879769795,0.595255175,0.474205982
396,WORD,word2vec,7,500,50,0.613681889,0.617824701,0.594459208,0.642673609
397,WORD,word2vec,10,100,50,0.340720837,0.854949159,0.594225511,0.401093599
398,SYLLABLE,fastText,7,500,50,0.765589376,0.348197412,0.594075485,0.465994604
399,SYLLABLE,fastText,5,500,50,0.670884316,0.690568896,0.593780088,0.803734284
400,WORD,word2vec,10,50,50,0.327199771,0.848398713,0.593464382,0.389440144
401,WORD,word2vec,10,1000,50,0.33850991,0.848518796,0.593192185,0.404224085
402,MORPHEME,glove,10,50,100,0.434375115,0.819906997,0.59305768,0.545454085
403,WORD,word2vec,5,500,20,0.8475,0.325712952,0.59257,0.771590695
404,WORD,word2vec,5,100,10,0.576093236,0.656530473,0.592252339,0.520757002
405,WORD,word2vec,2,50,50,0.337712094,0.87942328,0.591163063,0.467929633
406,WORD,word2vec,5,50,20,0.788653333,0.433340635,0.59113,0.663346038
407,WORD,word2vec,2,300,100,0.374676218,0.923363696,0.590106495,0.48338381
408,MORPHEME,glove,5,50,20,0.76756,0.569204803,0.5899,0.962345655
409,WORD,word2vec,7,50,100,0.31680175,0.836346109,0.589315648,0.322764739
410,WORD,word2vec,2,100,50,0.34015802,0.878828822,0.589143683,0.480065752
411,SYLLABLE,fastText,5,300,50,0.662358289,0.681589017,0.589043478,0.814057391
412,SYLLABLE,fastText,7,100,50,0.752014084,0.33881768,0.58888887,0.454457218
413,SYLLABLE,fastText,2,1000,50,0.670245501,0.690128354,0.587992309,0.808775661
414,WORD,word2vec,10,500,50,0.608061621,0.612553757,0.587831517,0.62903824
415,WORD,word2vec,5,500,10,0.816426667,0.382053585,0.58766,0.690012625
416,WORD,word2vec,7,1000,100,0.320683223,0.840103642,0.587539459,0.329439855
417,SYLLABLE,fastText,10,50,10,0.573794204,0.584058157,0.587156847,0.506980142
418,WORD,word2vec,7,300,100,0.31161808,0.853581725,0.58702457,0.337503821
419,SYLLABLE,fastText,10,50,20,0.585562233,0.578604178,0.586011008,0.506787439
420,SYLLABLE,fastText,10,1000,100,0.573934113,0.560401101,0.585146341,0.621307586
421,WORD,word2vec,5,50,10,0.56391274,0.64350825,0.583990089,0.504589721
422,MORPHEME,glove,2,50,50,0.420495112,0.813455704,0.582304389,0.52257686
423,WORD,word2vec,5,1000,50,0.58800172,0.596227214,0.581899245,0.625240107
424,SYLLABLE,fastText,5,100,50,0.65434835,0.682084224,0.58141633,0.806290305
425,WORD,word2vec,7,100,100,0.311757426,0.837506014,0.580837747,0.325127004
426,WORD,word2vec,5,100,50,0.599365765,0.603924355,0.580255993,0.631782675
427,WORD,word2vec,2,500,50,0.60293675,0.607716731,0.580084672,0.623013369
428,SYLLABLE,fastText,7,50,20,0.585580751,0.580811909,0.57890385,0.46635441
429,WORD,word2vec,10,300,100,0.312557873,0.830112208,0.577651895,0.375365742
430,SYLLABLE,fastText,7,50,10,0.752808936,0.323304478,0.576791194,0.449906705
431,SYLLABLE,fastText,5,50,10,0.550775812,0.563326579,0.576418023,0.562368655
432,SYLLABLE,fastText,5,50,20,0.7923,0.528234097,0.57592,0.80201373
433,MORPHEME,glove,2,50,20,0.604481848,0.624126706,0.575553825,0.597001707
434,MORPHEME,glove,5,50,100,0.575387366,0.59574438,0.575004069,0.523717895
435,WORD,word2vec,10,50,100,0.312448667,0.819718124,0.574505629,0.379917035
436,WORD,word2vec,5,50,50,0.592881845,0.596818167,0.574043141,0.612641642
437,WORD,word2vec,10,1000,100,0.318223891,0.824110439,0.573895003,0.380958545
438,WORD,word2vec,10,100,100,0.317657179,0.826929649,0.573377576,0.373967689
439,WORD,word2vec,5,500,50,0.842786667,0.330819927,0.57078,0.79654596
440,SYLLABLE,fastText,5,1000,100,0.576454553,0.57210704,0.570478365,0.691792152
441,SYLLABLE,fastText,7,1000,100,0.829663333,0.494436203,0.56858,0.787922897
442,WORD,word2vec,7,500,100,0.551422866,0.545006665,0.566914646,0.467632274
443,WORD,word2vec,2,100,100,0.343327999,0.909649063,0.566527915,0.454638793
444,MORPHEME,glove,2,50,100,0.400201988,0.822745709,0.565063161,0.50732995
445,WORD,word2vec,2,1000,100,0.349701256,0.910634655,0.564044325,0.46402509
446,WORD,word2vec,5,300,100,0.587422203,0.646027082,0.562034535,0.616870764
447,SYLLABLE,fastText,2,500,50,0.447251183,0.879939056,0.561315634,0.717457005
448,SYLLABLE,fastText,2,300,50,0.445289152,0.874629122,0.560551588,0.711742933
449,SYLLABLE,fastText,10,100,100,0.540671861,0.547140451,0.560414386,0.476644807
450,SYLLABLE,fastText,2,50,10,0.371515568,0.798040946,0.558893342,0.550796314
451,SYLLABLE,fastText,10,500,100,0.547182537,0.547817033,0.558406792,0.482911132
452,SYLLABLE,fastText,7,300,100,0.723176422,0.301973832,0.557791433,0.419406955
453,WORD,word2vec,5,1000,100,0.584558675,0.62059694,0.557163666,0.608637368
454,WORD,word2vec,2,50,100,0.339163135,0.897684274,0.557125377,0.45083323
455,SYLLABLE,fastText,2,50,20,0.56587091,0.587365236,0.556671772,0.509252943
456,WORD,word2vec,5,100,100,0.58344511,0.623758026,0.553936961,0.604567794
457,SYLLABLE,fastText,10,300,100,0.555184832,0.556566498,0.553775163,0.477792617
458,WORD,word2vec,10,500,100,0.540670759,0.544203194,0.552992103,0.521826181
459,SYLLABLE,fastText,2,1000,100,0.557947949,0.572874523,0.552955078,0.610489104
460,WORD,word2vec,2,500,100,0.530286857,0.573016229,0.552842148,0.498518697
461,WORD,word2vec,5,50,100,0.576445978,0.626017257,0.552674587,0.601828018
462,SYLLABLE,fastText,2,100,50,0.44425542,0.866346511,0.549647506,0.712881992
463,SYLLABLE,fastText,5,300,100,0.606164451,0.705862363,0.548292543,0.759833812
464,SYLLABLE,fastText,7,100,100,0.716879306,0.29010393,0.544805346,0.416899856
465,WORD,word2vec,5,500,100,0.828723333,0.354374098,0.54465,0.778531077
466,SYLLABLE,fastText,5,100,100,0.608307882,0.704079664,0.544389438,0.761994031
467,SYLLABLE,fastText,5,500,100,0.616909607,0.714793116,0.544177834,0.757538542
468,SYLLABLE,fastText,7,500,100,0.714912653,0.301084227,0.5418026,0.425680603
469,SYLLABLE,fastText,2,300,100,0.32479137,0.74840501,0.525231453,0.515661471
470,SYLLABLE,fastText,2,500,100,0.332372154,0.76460988,0.525135127,0.517684966
471,SYLLABLE,fastText,2,100,100,0.326352025,0.756948964,0.521828485,0.512593027
472,SYLLABLE,fastText,10,50,50,0.500113051,0.513787225,0.512261696,0.43901474
473,SYLLABLE,fastText,7,50,50,0.676618441,0.258100826,0.505803671,0.379719036
474,SYLLABLE,fastText,5,50,50,0.577572877,0.593172744,0.502887833,0.723062219
475,SYLLABLE,fastText,2,50,50,0.359121124,0.788126583,0.472046257,0.634627402
476,SYLLABLE,fastText,10,50,100,0.452925689,0.458710198,0.454968575,0.38410126
477,SYLLABLE,fastText,7,50,100,0.625221815,0.197675311,0.453150304,0.331112052
478,SYLLABLE,fastText,5,50,100,0.521912005,0.619223783,0.448869423,0.668494613
479,SYLLABLE,fastText,2,50,100,0.246354252,0.666469755,0.433449005,0.429023924
480,WORD,glove,5,500,20,0.719373333,0.541009477,0.40154,0.807324693
481,WORD,glove,7,500,20,0.7231,0.537027594,0.3914,0.847807749
482,WORD,glove,5,500,10,0.718006667,0.543092797,0.38474,0.805479692
483,WORD,glove,7,500,10,0.385090119,0.384558993,0.372172596,0.43095528
484,WORD,glove,5,500,50,0.720586667,0.538124565,0.35155,0.862839381
485,WORD,glove,7,500,50,0.391589398,0.387546354,0.345811751,0.448517827
486,WORD,glove,10,500,20,0.72832,0.527853192,0.30944,0.952679346
487,WORD,glove,10,500,10,0.40272279,0.370359448,0.293042838,0.535466612
488,WORD,glove,2,500,20,0.71189,0.554296473,0.28453,0.944383621
489,WORD,glove,5,500,100,0.716093333,0.546889375,0.27851,0.953168245
490,WORD,glove,7,500,100,0.289270134,0.277955664,0.27505627,0.314836758
491,WORD,glove,5,100,20,0.70867,0.561189159,0.27002,0.92722734
492,WORD,glove,10,500,50,0.312002823,0.304969669,0.267721997,0.367341757
493,WORD,glove,5,1000,20,0.719626667,0.541015525,0.26661,1.033091464
494,WORD,glove,7,1000,20,0.271883473,0.263622899,0.265611623,0.316450489
495,WORD,glove,2,500,10,0.381105037,0.40174809,0.26446332,0.522360867
496,WORD,glove,7,100,10,0.191119488,0.022539546,0.261199751,0.458712022
497,WORD,glove,5,1000,10,0.272328814,0.267901765,0.258859064,0.274391598
498,WORD,glove,5,100,10,0.269152449,0.279368844,0.25635269,0.271031579
499,WORD,glove,7,100,20,0.273571462,0.271473283,0.255655014,0.318663695
500,WORD,glove,7,1000,10,0.185575425,0.009964847,0.252940402,0.456146036
501,WORD,glove,5,300,20,0.711713333,0.553021227,0.24244,0.965413275
502,WORD,glove,2,500,50,0.290706626,0.286251859,0.238136084,0.34662085
503,WORD,glove,5,300,10,0.244620879,0.247920586,0.23144273,0.246989976
504,WORD,glove,5,50,20,0.696636667,0.581194577,0.22873,0.919470768
505,WORD,glove,7,300,10,0.206937712,0.045786686,0.228584659,0.479118179
506,WORD,glove,7,100,50,0.21750626,0.058912016,0.228508784,0.495893795
507,WORD,glove,7,300,20,0.247819438,0.242658514,0.228410169,0.291529681
508,WORD,glove,7,50,20,0.236697384,0.23227107,0.226789512,0.276798995
509,WORD,glove,5,100,50,0.280590084,0.264736004,0.221495778,0.325325677
510,WORD,glove,5,1000,50,0.274843341,0.260403538,0.218861201,0.320431832
511,WORD,glove,7,50,10,0.229061958,0.057731081,0.217129402,0.496601923
512,WORD,glove,7,1000,50,0.222820424,0.055823223,0.213293388,0.492451443
513,WORD,glove,5,50,10,0.227251182,0.239803117,0.210533311,0.223142425
514,WORD,glove,5,300,50,0.253633521,0.235967109,0.198175026,0.299115542
515,WORD,glove,7,300,50,0.249947347,0.075727295,0.196014171,0.523321717
516,WORD,glove,10,500,100,0.283779944,0.26909773,0.181662383,0.421547975
517,WORD,glove,5,50,50,0.229884877,0.222694197,0.181258163,0.281614856
518,WORD,glove,10,100,20,0.284578403,0.261177001,0.180879427,0.41124704
519,WORD,glove,7,50,50,0.259026944,0.094263949,0.180335124,0.53157776
520,WORD,glove,10,1000,20,0.276816099,0.249267011,0.171753997,0.418294666
521,WORD,glove,2,500,100,0.279802726,0.30043153,0.170398125,0.422858406
522,WORD,glove,10,100,10,0.180992566,0.035599707,0.169839943,0.358360678
523,WORD,glove,10,1000,10,0.183381774,0.031538748,0.165886154,0.360067684
524,WORD,glove,10,300,20,0.254485039,0.236277293,0.158543162,0.393121089
525,WORD,glove,2,100,20,0.272222328,0.282295423,0.155563417,0.409102995
526,WORD,glove,7,100,100,0.290919685,0.13323771,0.153268909,0.5728754
527,WORD,glove,2,100,10,0.289137093,0.109958419,0.147889918,0.595188133
528,WORD,glove,2,1000,20,0.266922081,0.276513032,0.147253187,0.407584758
529,WORD,glove,5,100,100,0.267946349,0.277439136,0.146832897,0.423264495
530,WORD,glove,10,300,10,0.211660181,0.058331239,0.143927901,0.387461649
531,WORD,glove,10,50,20,0.240039317,0.213780525,0.142988271,0.380352736
532,WORD,glove,5,1000,100,0.265639,0.276093949,0.142712622,0.407521978
533,WORD,glove,7,1000,100,0.310002965,0.130840734,0.141793657,0.577320308
534,WORD,glove,2,1000,10,0.296232132,0.118468136,0.135892278,0.615777862
535,WORD,glove,5,300,100,0.247232328,0.253196613,0.127417352,0.393026585
536,WORD,glove,10,100,50,0.219576151,0.067462494,0.127210381,0.392296858
537,WORD,glove,10,1000,50,0.214538386,0.072268,0.127021191,0.38722091
538,WORD,glove,7,300,100,0.32265382,0.152026765,0.125077688,0.58269426
539,WORD,glove,2,300,20,0.231981717,0.251012712,0.123009005,0.377995711
540,WORD,glove,2,50,10,0.327000752,0.156445165,0.118691407,0.645898404
541,WORD,glove,2,300,10,0.326897052,0.147887391,0.118196754,0.639181209
542,WORD,glove,10,50,10,0.224391017,0.078798276,0.117226021,0.406234571
543,WORD,glove,2,50,20,0.216961496,0.239143643,0.117209104,0.363247128
544,WORD,glove,2,100,50,0.2852285,0.128819485,0.113993069,0.558659121
545,WORD,glove,5,50,100,0.228700517,0.24201625,0.107103797,0.383009764
546,WORD,glove,10,300,50,0.238556576,0.090944955,0.106079715,0.415732276
547,WORD,glove,2,1000,50,0.299326358,0.134911938,0.104652088,0.56813201
548,WORD,glove,7,50,100,0.342875071,0.16766524,0.101696104,0.613131351
549,WORD,glove,10,50,50,0.258954099,0.107685438,0.088545065,0.430497522
550,WORD,glove,2,300,50,0.316263181,0.151718382,0.074252568,0.582121939
551,WORD,glove,2,50,50,0.326997943,0.154100166,0.069437951,0.59645988
552,WORD,glove,10,1000,100,0.295742302,0.14360632,0.053723174,0.472137675
553,WORD,glove,10,100,100,0.286246769,0.149243235,0.049718391,0.461771722
554,WORD,glove,2,100,100,0.295603972,0.102369397,0.036457112,0.46830555
555,WORD,glove,10,300,100,0.319806313,0.155094605,0.029701502,0.482359642
556,WORD,glove,2,1000,100,0.305149293,0.10894236,0.019808896,0.469600957
557,WORD,glove,10,50,100,0.339638868,0.184237915,0.01215664,0.501139033
558,WORD,glove,2,50,100,0.339132446,0.146418464,0.010446208,0.511103726
559,WORD,glove,2,300,100,0.330564814,0.144980743,1.13E-05,0.49945413
